file name,word,color,word,color,word,color,word,color,word,color,word,color,word,color,word,color,word,color,word,color,word,color,word,color,word,color,word,color,word,color,word,color,word,color,word,color,word,color,word,color,word,color,word,color,word,color,word,color,word,color
./stroop_ds/figs/color_nbyn_1712627630.png,black,pink,yellow,white,pink,yellow,brown,pink,white,pink,yellow,blue,orange,black,orange,brown,green,yellow,white,black,green,blue,gray,purple,black,yellow,brown,blue,pink,purple,black,black,gray,black,yellow,purple,blue,gray,blue,gray,pink,white,pink,pink,brown,black,white,gray,green,green
./stroop_ds/figs/color_nbyn_1712627630.png,white,yellow,white,white,black,red,gray,brown,gray,red,yellow,white,purple,yellow,green,red,green,blue,pink,blue,yellow,gray,blue,green,pink,green,brown,pink,red,red,white,red,blue,purple,green,brown,white,pink,black,red,pink,brown,green,green,pink,gray,pink,yellow,purple,green
./stroop_ds/figs/color_nbyn_1712627631.png,black,black,green,gray,orange,gray,gray,white,orange,red,blue,orange,pink,brown,orange,green,gray,yellow,brown,gray,green,gray,red,orange,green,pink,brown,purple,white,blue,gray,black,pink,purple,blue,purple,purple,pink,yellow,gray,yellow,green,purple,orange,brown,black,gray,green,black,yellow
./stroop_ds/figs/color_nbyn_1712627631.png,brown,blue,white,pink,green,black,yellow,green,orange,purple,pink,pink,black,yellow,pink,brown,blue,orange,brown,yellow,brown,gray,purple,orange,blue,white,brown,brown,orange,white,yellow,pink,green,blue,yellow,blue,purple,white,blue,green,black,blue,black,blue,yellow,brown,gray,gray,red,gray
./stroop_ds/figs/color_nbyn_1712627632.png,gray,orange,orange,white,orange,yellow,yellow,orange,orange,yellow,blue,brown,black,red,orange,gray,brown,red,purple,red,black,green,pink,yellow,blue,white,orange,blue,white,gray,gray,brown,brown,blue,purple,blue,pink,green,black,green,black,gray,green,orange,white,black,green,white,gray,yellow
./stroop_ds/figs/color_nbyn_1712627632.png,brown,white,black,pink,yellow,yellow,white,purple,purple,white,pink,gray,blue,green,black,green,yellow,brown,black,orange,gray,yellow,red,black,blue,purple,brown,green,yellow,gray,green,green,green,green,purple,pink,white,yellow,white,green,red,gray,white,orange,blue,brown,yellow,blue,black,pink
./stroop_ds/figs/color_nbyn_1712627633.png,pink,gray,pink,brown,blue,black,purple,yellow,black,blue,black,white,purple,red,white,white,purple,white,white,green,brown,pink,yellow,gray,red,purple,green,pink,gray,pink,pink,purple,gray,red,green,brown,red,blue,purple,black,yellow,purple,brown,yellow,black,purple,yellow,gray,gray,gray
./stroop_ds/figs/color_nbyn_1712627633.png,orange,purple,purple,red,purple,blue,white,red,black,white,green,green,black,white,red,white,blue,yellow,brown,gray,red,red,yellow,brown,purple,red,orange,blue,brown,white,green,pink,black,purple,pink,purple,gray,white,blue,white,yellow,green,purple,yellow,white,purple,black,pink,brown,green
./stroop_ds/figs/color_nbyn_1712627634.png,pink,purple,blue,black,red,orange,purple,yellow,pink,blue,black,gray,white,pink,green,purple,yellow,pink,green,orange,brown,red,brown,purple,green,pink,purple,gray,black,white,orange,green,yellow,white,purple,yellow,pink,blue,gray,blue,gray,blue,red,yellow,yellow,black,gray,brown,green,gray
./stroop_ds/figs/color_nbyn_1712627634.png,orange,white,pink,green,white,yellow,yellow,green,purple,gray,gray,red,orange,green,green,green,green,gray,red,red,green,pink,pink,brown,green,purple,orange,purple,orange,yellow,pink,blue,purple,white,yellow,black,orange,blue,green,black,green,white,purple,gray,green,white,gray,red,brown,white
./stroop_ds/figs/color_nbyn_1712627635.png,orange,red,white,blue,pink,yellow,yellow,green,brown,green,gray,purple,white,purple,pink,white,purple,green,pink,white,black,white,yellow,white,green,pink,yellow,white,pink,gray,white,white,green,brown,brown,purple,black,purple,black,yellow,green,yellow,green,gray,white,pink,gray,white,red,red
./stroop_ds/figs/color_nbyn_1712627635.png,gray,white,black,green,brown,green,pink,pink,pink,pink,black,white,blue,red,purple,black,orange,gray,black,brown,white,gray,brown,red,purple,gray,red,black,green,purple,green,pink,purple,red,orange,black,red,yellow,gray,pink,white,red,red,blue,gray,black,gray,green,yellow,green
./stroop_ds/figs/color_nbyn_1712627636.png,purple,blue,pink,orange,pink,yellow,gray,black,red,green,black,black,white,pink,red,gray,purple,pink,white,orange,red,orange,brown,blue,blue,white,yellow,gray,red,white,blue,orange,green,pink,orange,gray,black,red,brown,purple,purple,purple,black,orange,green,red,white,gray,yellow,white
./stroop_ds/figs/color_nbyn_1712627636.png,gray,black,blue,purple,gray,gray,green,blue,yellow,yellow,green,blue,purple,white,gray,pink,green,black,gray,purple,brown,orange,blue,gray,gray,green,gray,orange,red,orange,blue,yellow,brown,yellow,green,brown,brown,green,pink,pink,brown,blue,green,purple,brown,blue,red,blue,red,white
./stroop_ds/figs/color_nbyn_1712627637.png,white,red,orange,orange,purple,green,white,gray,purple,green,pink,white,white,red,purple,red,green,black,brown,white,yellow,green,yellow,blue,gray,blue,brown,green,brown,orange,white,purple,orange,red,purple,white,brown,red,gray,black,gray,red,red,orange,black,green,red,red,purple,blue
./stroop_ds/figs/color_nbyn_1712627637.png,white,purple,black,brown,green,gray,black,orange,gray,orange,red,blue,purple,pink,purple,gray,brown,orange,pink,black,brown,green,brown,white,white,black,blue,white,black,gray,green,pink,white,pink,blue,black,orange,blue,white,white,purple,orange,green,purple,gray,black,purple,black,gray,yellow
./stroop_ds/figs/color_nbyn_1712627638.png,black,yellow,gray,brown,pink,black,brown,pink,pink,orange,yellow,red,blue,white,white,red,gray,green,pink,orange,white,brown,black,red,green,purple,black,orange,purple,black,blue,green,orange,gray,white,yellow,orange,red,orange,blue,orange,pink,purple,yellow,red,blue,purple,green,white,yellow
./stroop_ds/figs/color_nbyn_1712627638.png,green,brown,green,yellow,yellow,blue,purple,green,black,brown,yellow,pink,gray,brown,brown,white,gray,purple,purple,red,orange,green,pink,brown,black,black,purple,black,green,red,black,purple,yellow,blue,green,orange,white,blue,black,black,brown,pink,gray,purple,orange,purple,blue,blue,brown,red
./stroop_ds/figs/color_nbyn_1712627639.png,green,red,yellow,white,red,blue,purple,black,blue,red,brown,black,gray,blue,yellow,brown,orange,red,yellow,white,green,purple,purple,blue,gray,green,blue,yellow,orange,black,black,yellow,red,gray,green,red,brown,purple,gray,blue,white,pink,gray,purple,white,green,yellow,orange,gray,gray
./stroop_ds/figs/color_nbyn_1712627639.png,gray,purple,green,pink,brown,green,pink,orange,green,brown,white,brown,pink,green,green,brown,brown,gray,yellow,brown,blue,green,pink,brown,pink,pink,red,orange,red,yellow,red,red,purple,brown,gray,pink,red,gray,red,purple,brown,orange,purple,gray,red,red,red,pink,green,blue
./stroop_ds/figs/color_nbyn_1712627640.png,white,purple,red,red,blue,gray,green,orange,green,yellow,white,red,purple,pink,green,purple,orange,orange,brown,black,purple,black,green,brown,black,green,yellow,green,yellow,red,brown,green,white,pink,pink,brown,gray,yellow,blue,black,pink,brown,gray,brown,red,blue,white,gray,black,blue
./stroop_ds/figs/color_nbyn_1712627640.png,yellow,purple,brown,gray,blue,blue,white,red,yellow,white,red,pink,orange,pink,yellow,yellow,gray,yellow,pink,gray,brown,purple,black,blue,brown,yellow,white,green,pink,orange,pink,gray,black,black,green,brown,white,blue,white,green,blue,orange,purple,black,red,black,orange,pink,red,pink
./stroop_ds/figs/color_nbyn_1712627641.png,white,white,pink,purple,gray,orange,blue,yellow,yellow,blue,red,black,purple,orange,white,green,blue,white,gray,purple,gray,orange,purple,red,purple,white,orange,white,yellow,red,purple,orange,gray,pink,pink,brown,pink,white,gray,orange,green,pink,white,yellow,brown,purple,purple,orange,pink,black
./stroop_ds/figs/color_nbyn_1712627642.png,gray,red,purple,yellow,orange,green,black,white,green,orange,white,yellow,blue,green,green,pink,black,brown,black,blue,blue,gray,black,white,black,orange,black,yellow,green,orange,orange,blue,red,green,pink,pink,pink,orange,purple,black,yellow,green,purple,white,purple,yellow,orange,gray,yellow,gray
./stroop_ds/figs/color_nbyn_1712627642.png,red,white,white,green,yellow,black,pink,blue,purple,blue,blue,purple,pink,purple,black,red,white,gray,purple,blue,green,brown,white,brown,purple,brown,gray,green,yellow,pink,white,orange,red,purple,gray,green,purple,brown,purple,blue,red,brown,yellow,purple,yellow,white,orange,gray,orange,white
./stroop_ds/figs/color_nbyn_1712627643.png,brown,pink,pink,pink,pink,orange,red,purple,purple,green,purple,pink,pink,pink,black,blue,pink,orange,orange,pink,black,green,purple,orange,pink,gray,orange,gray,black,brown,red,white,pink,white,blue,blue,black,green,brown,pink,gray,black,white,blue,gray,pink,red,pink,purple,blue
./stroop_ds/figs/color_nbyn_1712627643.png,pink,purple,white,red,black,white,pink,purple,white,orange,white,pink,black,blue,gray,white,purple,white,orange,brown,brown,brown,green,purple,white,black,black,orange,brown,green,orange,orange,green,blue,red,white,pink,blue,purple,gray,green,blue,brown,white,red,purple,orange,purple,blue,blue
./stroop_ds/figs/color_nbyn_1712627643.png,yellow,orange,orange,brown,brown,pink,pink,blue,pink,green,pink,orange,gray,green,gray,green,pink,red,gray,pink,brown,black,gray,black,orange,purple,blue,blue,orange,red,purple,blue,green,gray,black,purple,gray,black,yellow,red,black,yellow,white,yellow,blue,brown,black,purple,orange,green
./stroop_ds/figs/color_nbyn_1712627644.png,green,orange,red,brown,red,blue,gray,white,blue,purple,red,yellow,gray,brown,green,brown,purple,yellow,purple,brown,black,orange,orange,green,red,orange,brown,orange,blue,yellow,blue,gray,blue,black,red,red,black,pink,orange,brown,white,gray,pink,orange,brown,pink,yellow,yellow,purple,white
./stroop_ds/figs/color_nbyn_1712627644.png,green,black,brown,orange,green,gray,yellow,black,gray,yellow,orange,yellow,brown,white,brown,white,pink,pink,pink,pink,orange,pink,green,blue,brown,orange,brown,purple,white,purple,purple,purple,blue,purple,purple,orange,gray,brown,red,green,red,blue,pink,pink,gray,gray,brown,blue,orange,white
./stroop_ds/figs/color_nbyn_1712627645.png,orange,yellow,yellow,red,orange,white,white,white,orange,pink,green,black,purple,brown,black,yellow,blue,blue,purple,purple,yellow,pink,blue,purple,red,red,white,black,gray,blue,green,yellow,gray,red,gray,white,white,red,orange,green,blue,gray,white,white,black,red,blue,pink,white,gray
./stroop_ds/figs/color_nbyn_1712627646.png,purple,green,green,purple,white,white,gray,pink,brown,white,purple,orange,purple,green,green,green,brown,red,orange,brown,red,green,purple,black,yellow,blue,green,white,green,gray,brown,brown,black,pink,orange,green,red,pink,gray,orange,black,pink,orange,black,gray,red,black,black,purple,brown
./stroop_ds/figs/color_nbyn_1712627646.png,green,gray,orange,green,gray,black,red,white,brown,yellow,orange,green,gray,white,pink,green,black,pink,red,gray,green,brown,orange,white,pink,purple,green,black,pink,black,pink,green,green,brown,blue,red,yellow,white,blue,white,orange,purple,blue,gray,purple,yellow,blue,purple,blue,white
./stroop_ds/figs/color_nbyn_1712627647.png,blue,yellow,white,white,green,red,yellow,purple,black,blue,orange,red,orange,orange,blue,white,black,purple,pink,yellow,purple,black,white,white,orange,black,orange,gray,black,orange,blue,white,pink,gray,purple,orange,blue,white,white,green,green,green,brown,black,black,black,blue,green,white,black
./stroop_ds/figs/color_nbyn_1712627647.png,green,green,green,yellow,red,pink,green,purple,red,purple,black,orange,blue,red,blue,yellow,pink,orange,purple,red,gray,red,orange,pink,red,brown,gray,green,brown,blue,blue,red,red,green,gray,brown,yellow,blue,yellow,white,yellow,red,green,black,black,green,blue,red,purple,green
./stroop_ds/figs/color_nbyn_1712627647.png,black,pink,black,blue,pink,purple,pink,white,pink,brown,gray,red,white,gray,gray,pink,blue,pink,pink,brown,gray,black,blue,gray,yellow,brown,pink,yellow,purple,yellow,purple,green,orange,orange,purple,gray,green,purple,green,orange,green,pink,orange,purple,purple,red,blue,pink,white,blue
./stroop_ds/figs/color_nbyn_1712627648.png,green,orange,pink,yellow,red,orange,orange,white,purple,orange,black,brown,orange,black,gray,blue,green,black,red,purple,yellow,pink,blue,pink,blue,purple,red,white,green,black,purple,blue,pink,brown,yellow,purple,black,red,brown,red,brown,blue,gray,green,white,red,yellow,blue,orange,pink
./stroop_ds/figs/color_nbyn_1712627648.png,brown,black,pink,brown,purple,white,yellow,blue,yellow,orange,red,yellow,brown,blue,yellow,gray,red,black,orange,orange,orange,green,purple,yellow,pink,purple,purple,white,blue,gray,brown,red,yellow,white,black,white,green,red,blue,black,gray,green,pink,black,gray,purple,green,blue,yellow,red
./stroop_ds/figs/color_nbyn_1712627649.png,pink,black,yellow,brown,blue,pink,white,white,brown,black,pink,purple,black,green,green,pink,orange,white,white,white,blue,gray,brown,gray,orange,white,black,green,green,pink,black,yellow,yellow,purple,black,purple,brown,pink,white,green,red,white,pink,green,gray,black,red,orange,pink,red
./stroop_ds/figs/color_nbyn_1712627650.png,black,orange,blue,blue,brown,white,brown,yellow,gray,blue,black,white,purple,pink,brown,yellow,black,orange,yellow,brown,pink,brown,red,yellow,yellow,pink,pink,red,brown,black,white,orange,pink,orange,blue,green,green,black,green,purple,pink,brown,white,pink,brown,black,black,yellow,orange,red
./stroop_ds/figs/color_nbyn_1712627650.png,orange,pink,purple,brown,black,white,brown,white,purple,green,orange,purple,red,purple,purple,purple,brown,orange,white,white,gray,orange,gray,green,white,orange,red,black,gray,green,black,white,orange,pink,purple,white,brown,yellow,red,gray,green,gray,gray,black,yellow,pink,white,pink,white,blue
./stroop_ds/figs/color_nbyn_1712627651.png,yellow,pink,gray,blue,white,black,purple,purple,red,yellow,gray,yellow,green,white,pink,gray,blue,blue,orange,purple,orange,pink,orange,yellow,green,purple,red,purple,brown,black,green,brown,black,black,yellow,black,red,orange,white,gray,black,orange,gray,brown,pink,yellow,white,brown,orange,white
./stroop_ds/figs/color_nbyn_1712627651.png,gray,yellow,black,green,pink,black,purple,orange,green,brown,brown,black,purple,blue,green,orange,green,red,orange,gray,red,blue,pink,orange,green,green,yellow,purple,black,black,pink,pink,pink,orange,orange,white,purple,gray,black,white,pink,brown,orange,purple,gray,pink,brown,black,orange,red
./stroop_ds/figs/color_nbyn_1712627652.png,white,purple,yellow,blue,purple,brown,green,brown,pink,gray,pink,blue,yellow,gray,gray,pink,brown,yellow,green,black,pink,gray,orange,orange,brown,blue,white,orange,black,black,pink,pink,black,gray,pink,purple,white,yellow,red,gray,brown,red,pink,red,white,black,gray,white,brown,gray
./stroop_ds/figs/color_nbyn_1712627652.png,brown,white,brown,blue,purple,orange,blue,yellow,yellow,blue,white,pink,orange,yellow,yellow,white,blue,yellow,brown,green,purple,brown,purple,purple,black,black,purple,white,white,orange,blue,green,purple,orange,black,pink,blue,brown,brown,blue,brown,white,brown,yellow,yellow,blue,white,pink,red,pink
./stroop_ds/figs/color_nbyn_1712627652.png,yellow,gray,black,red,pink,white,purple,yellow,gray,pink,black,green,pink,green,pink,red,purple,orange,pink,white,green,yellow,green,brown,purple,purple,brown,purple,gray,brown,pink,orange,black,red,blue,yellow,green,black,purple,pink,pink,white,blue,yellow,green,green,green,blue,brown,yellow
./stroop_ds/figs/color_nbyn_1712627653.png,brown,blue,white,purple,yellow,red,pink,white,blue,blue,gray,black,brown,black,white,white,blue,blue,pink,black,blue,blue,gray,green,white,brown,red,orange,orange,green,white,orange,green,green,orange,blue,white,white,brown,pink,pink,orange,pink,gray,gray,green,yellow,orange,black,yellow
./stroop_ds/figs/color_nbyn_1712627653.png,white,purple,white,blue,orange,blue,red,gray,gray,brown,purple,white,pink,black,yellow,orange,gray,black,orange,yellow,purple,brown,brown,green,red,yellow,purple,gray,pink,yellow,black,white,green,yellow,blue,orange,pink,black,red,blue,brown,black,white,green,green,black,red,gray,yellow,black
./stroop_ds/figs/color_nbyn_1712627654.png,white,orange,yellow,pink,orange,purple,black,yellow,green,gray,gray,green,gray,brown,pink,purple,red,brown,gray,purple,red,purple,pink,green,red,green,red,black,gray,red,white,purple,white,purple,green,brown,blue,gray,white,orange,blue,green,blue,gray,red,black,orange,white,orange,yellow
./stroop_ds/figs/color_nbyn_1712627655.png,black,pink,orange,pink,purple,brown,gray,orange,orange,white,orange,black,orange,pink,orange,purple,pink,purple,purple,blue,yellow,gray,white,brown,red,white,gray,brown,orange,orange,black,blue,yellow,purple,blue,blue,green,red,black,green,orange,gray,white,brown,purple,pink,pink,green,blue,blue
./stroop_ds/figs/color_nbyn_1712627655.png,orange,purple,purple,yellow,blue,pink,orange,green,red,green,green,black,black,purple,red,purple,red,red,red,white,orange,gray,white,yellow,red,gray,orange,orange,red,pink,gray,green,pink,gray,green,green,pink,white,orange,gray,pink,orange,orange,orange,black,gray,black,green,gray,green
./stroop_ds/figs/color_nbyn_1712627656.png,yellow,green,blue,brown,orange,blue,green,brown,pink,orange,purple,red,blue,orange,brown,gray,yellow,gray,gray,gray,purple,black,blue,brown,white,orange,blue,gray,gray,orange,purple,black,purple,blue,green,yellow,purple,yellow,orange,yellow,yellow,white,green,blue,yellow,orange,orange,red,purple,red
./stroop_ds/figs/color_nbyn_1712627656.png,white,orange,red,orange,blue,green,red,green,red,black,blue,white,gray,purple,purple,brown,white,red,black,white,brown,pink,brown,red,white,red,white,pink,red,green,white,white,green,orange,gray,orange,black,pink,purple,purple,yellow,orange,orange,blue,pink,yellow,yellow,pink,yellow,green
./stroop_ds/figs/color_nbyn_1712627657.png,black,pink,white,orange,orange,blue,blue,gray,gray,green,brown,red,yellow,brown,white,yellow,red,white,black,pink,orange,yellow,green,yellow,orange,pink,orange,gray,blue,red,pink,red,red,gray,brown,green,blue,yellow,gray,purple,blue,red,orange,brown,orange,gray,red,purple,blue,orange
./stroop_ds/figs/color_nbyn_1712627657.png,green,pink,brown,white,orange,black,green,purple,white,white,pink,red,orange,orange,gray,red,purple,yellow,red,gray,pink,blue,yellow,red,blue,yellow,black,gray,pink,white,purple,purple,red,yellow,pink,black,yellow,orange,white,gray,red,pink,purple,white,pink,green,brown,gray,black,white
./stroop_ds/figs/color_nbyn_1712627658.png,yellow,white,yellow,blue,purple,black,brown,orange,red,yellow,white,pink,blue,purple,gray,purple,yellow,black,red,yellow,blue,green,purple,green,white,orange,white,brown,pink,white,gray,green,blue,pink,black,brown,red,orange,brown,black,yellow,pink,yellow,black,white,gray,purple,yellow,red,pink
./stroop_ds/figs/color_nbyn_1712627658.png,pink,black,pink,blue,white,pink,purple,gray,red,gray,black,brown,green,red,red,green,brown,brown,green,green,black,orange,green,black,yellow,orange,yellow,red,black,orange,gray,white,black,yellow,red,orange,gray,gray,green,pink,orange,orange,green,pink,white,pink,white,gray,brown,gray
./stroop_ds/figs/color_nbyn_1712627658.png,pink,black,orange,yellow,red,purple,gray,pink,white,gray,pink,pink,gray,purple,red,pink,orange,blue,black,pink,green,green,yellow,yellow,pink,pink,red,yellow,gray,orange,brown,gray,yellow,green,yellow,red,purple,white,blue,yellow,brown,yellow,white,purple,gray,gray,white,green,brown,orange
./stroop_ds/figs/color_nbyn_1712627659.png,gray,red,blue,brown,brown,yellow,green,brown,red,green,green,purple,gray,pink,blue,blue,pink,gray,pink,gray,orange,brown,purple,purple,yellow,blue,green,red,yellow,yellow,gray,white,blue,green,pink,purple,orange,yellow,pink,purple,brown,orange,yellow,white,yellow,black,orange,white,orange,purple
./stroop_ds/figs/color_nbyn_1712627659.png,green,yellow,green,red,purple,red,red,green,yellow,orange,red,brown,yellow,red,green,pink,purple,orange,purple,red,red,white,brown,orange,black,black,gray,black,white,orange,red,orange,gray,gray,gray,white,red,white,green,orange,white,gray,red,brown,purple,white,red,pink,pink,gray
./stroop_ds/figs/color_nbyn_1712627660.png,orange,green,white,brown,red,orange,blue,red,yellow,purple,red,orange,green,red,yellow,red,orange,orange,white,yellow,orange,brown,white,blue,purple,black,green,orange,black,pink,yellow,black,pink,brown,pink,brown,white,blue,red,blue,yellow,blue,gray,purple,purple,red,pink,purple,gray,black
./stroop_ds/figs/color_nbyn_1712627660.png,white,white,gray,brown,pink,brown,purple,black,purple,pink,blue,white,gray,black,brown,green,pink,gray,gray,brown,red,red,white,red,red,gray,orange,pink,brown,green,orange,purple,black,brown,pink,red,green,brown,purple,orange,gray,yellow,yellow,blue,gray,purple,pink,green,brown,purple
./stroop_ds/figs/color_nbyn_1712627661.png,black,gray,white,green,pink,white,red,gray,black,purple,yellow,orange,white,black,blue,green,blue,pink,yellow,yellow,blue,orange,yellow,black,gray,white,blue,orange,red,brown,brown,blue,green,white,green,green,yellow,gray,brown,orange,yellow,pink,orange,purple,blue,blue,blue,green,gray,white
./stroop_ds/figs/color_nbyn_1712627662.png,blue,white,purple,green,blue,orange,pink,white,pink,orange,red,orange,green,purple,purple,white,gray,blue,blue,blue,pink,purple,green,green,white,black,black,blue,brown,orange,black,brown,green,pink,yellow,yellow,gray,yellow,black,yellow,purple,black,orange,white,red,green,black,blue,white,brown
./stroop_ds/figs/color_nbyn_1712627662.png,white,green,orange,purple,white,yellow,black,brown,green,brown,blue,red,black,purple,brown,blue,green,brown,gray,purple,gray,yellow,red,blue,red,gray,green,gray,yellow,brown,green,white,brown,gray,yellow,brown,blue,orange,brown,white,white,pink,pink,pink,gray,white,green,blue,purple,green
./stroop_ds/figs/color_nbyn_1712627663.png,green,black,green,green,yellow,green,gray,purple,white,gray,gray,yellow,white,pink,pink,yellow,red,purple,yellow,pink,pink,purple,yellow,blue,purple,black,blue,green,orange,blue,black,yellow,orange,yellow,yellow,orange,gray,blue,purple,white,white,brown,green,yellow,blue,green,blue,white,gray,yellow
./stroop_ds/figs/color_nbyn_1712627663.png,red,gray,red,white,white,purple,orange,white,yellow,pink,gray,purple,green,white,purple,black,green,purple,pink,pink,brown,brown,orange,pink,red,blue,yellow,brown,yellow,blue,orange,pink,pink,red,orange,white,gray,gray,green,blue,gray,white,pink,brown,pink,brown,red,brown,white,pink
./stroop_ds/figs/color_nbyn_1712627664.png,green,yellow,black,brown,blue,red,purple,purple,red,yellow,red,green,white,gray,green,yellow,white,white,orange,red,pink,black,black,orange,green,brown,white,brown,orange,green,red,blue,black,pink,brown,blue,orange,pink,orange,black,orange,yellow,pink,white,yellow,blue,green,blue,white,red
./stroop_ds/figs/color_nbyn_1712627664.png,yellow,gray,brown,orange,purple,green,gray,blue,brown,black,orange,white,pink,purple,purple,gray,black,black,blue,pink,red,gray,purple,pink,brown,red,brown,brown,black,green,white,red,orange,yellow,pink,black,orange,green,green,brown,brown,gray,red,yellow,black,black,brown,yellow,pink,yellow
./stroop_ds/figs/color_nbyn_1712627665.png,purple,red,yellow,pink,white,gray,yellow,yellow,orange,green,green,gray,pink,purple,brown,blue,blue,white,gray,black,blue,pink,green,red,gray,brown,blue,white,green,white,pink,red,gray,green,gray,black,pink,pink,brown,red,green,brown,white,orange,purple,yellow,black,gray,yellow,gray
./stroop_ds/figs/color_nbyn_1712627665.png,yellow,green,orange,pink,brown,pink,purple,green,brown,green,brown,black,red,gray,gray,brown,blue,brown,green,pink,orange,blue,red,gray,black,green,white,orange,pink,orange,purple,gray,white,yellow,orange,orange,brown,red,blue,orange,yellow,white,purple,orange,black,gray,yellow,red,purple,orange
./stroop_ds/figs/color_nbyn_1712627665.png,orange,purple,yellow,black,green,white,yellow,red,purple,black,red,blue,brown,purple,pink,brown,brown,orange,gray,yellow,green,green,green,yellow,orange,green,white,red,purple,black,gray,orange,orange,pink,pink,white,purple,gray,gray,white,orange,orange,gray,orange,yellow,black,purple,yellow,green,black
./stroop_ds/figs/color_nbyn_1712627666.png,green,orange,yellow,gray,blue,red,white,brown,pink,orange,white,red,red,orange,brown,orange,red,red,purple,orange,orange,yellow,black,white,pink,gray,purple,red,black,red,orange,purple,white,white,pink,white,blue,red,green,blue,yellow,yellow,brown,yellow,red,red,orange,yellow,yellow,green
./stroop_ds/figs/color_nbyn_1712627666.png,brown,yellow,purple,blue,black,yellow,white,red,white,red,yellow,pink,purple,brown,black,blue,black,brown,yellow,red,yellow,red,brown,green,brown,purple,purple,black,black,black,brown,yellow,green,brown,black,red,orange,blue,purple,white,purple,red,gray,gray,pink,red,green,brown,orange,pink
./stroop_ds/figs/color_nbyn_1712627667.png,orange,yellow,white,gray,orange,gray,green,yellow,green,green,yellow,purple,white,black,black,yellow,black,blue,white,yellow,purple,blue,brown,purple,white,green,gray,black,black,yellow,purple,yellow,green,gray,white,yellow,yellow,brown,orange,yellow,orange,white,red,green,orange,pink,green,green,brown,blue
./stroop_ds/figs/color_nbyn_1712627667.png,purple,gray,green,black,gray,purple,yellow,yellow,blue,black,blue,yellow,blue,blue,gray,blue,brown,gray,yellow,orange,white,pink,black,green,red,pink,black,purple,brown,green,black,purple,gray,red,white,black,black,purple,white,black,green,brown,gray,blue,green,blue,blue,orange,purple,purple
./stroop_ds/figs/color_nbyn_1712627668.png,yellow,gray,pink,white,orange,white,green,blue,blue,orange,white,purple,white,gray,green,pink,pink,orange,purple,green,green,gray,blue,gray,pink,orange,green,black,red,green,blue,green,gray,gray,gray,pink,orange,black,pink,yellow,gray,white,orange,brown,orange,white,red,red,purple,black
./stroop_ds/figs/color_nbyn_1712627668.png,white,pink,orange,green,pink,pink,red,yellow,gray,white,yellow,gray,blue,blue,red,pink,brown,yellow,yellow,pink,red,purple,purple,purple,green,yellow,gray,red,orange,black,red,blue,blue,pink,pink,brown,pink,green,orange,pink,yellow,blue,purple,purple,white,black,gray,purple,red,green
./stroop_ds/figs/color_nbyn_1712627670.png,orange,red,gray,black,purple,red,black,pink,purple,orange,black,yellow,blue,yellow,pink,gray,white,purple,green,purple,pink,purple,white,yellow,brown,blue,white,blue,red,gray,green,gray,red,black,purple,red,purple,yellow,orange,green,green,green,white,pink,brown,white,pink,orange,black,purple
./stroop_ds/figs/color_nbyn_1712627670.png,white,black,pink,green,brown,gray,pink,green,black,purple,orange,yellow,yellow,yellow,purple,red,orange,orange,purple,black,gray,white,brown,purple,red,white,orange,blue,blue,yellow,white,gray,pink,red,white,black,black,green,purple,yellow,pink,green,gray,gray,green,pink,red,green,brown,yellow
./stroop_ds/figs/color_nbyn_1712627671.png,blue,white,blue,white,purple,pink,gray,green,orange,white,gray,orange,orange,red,red,orange,yellow,brown,red,blue,black,red,black,white,blue,red,red,white,brown,purple,white,orange,black,red,red,black,yellow,green,pink,yellow,green,red,blue,gray,orange,purple,orange,gray,white,pink
./stroop_ds/figs/color_nbyn_1712627671.png,gray,orange,red,gray,black,gray,yellow,yellow,white,purple,gray,brown,purple,purple,black,pink,yellow,black,white,orange,green,pink,brown,green,blue,pink,gray,white,white,pink,brown,red,blue,gray,gray,orange,green,white,white,yellow,brown,red,orange,gray,green,red,red,gray,black,blue
./stroop_ds/figs/color_nbyn_1712627671.png,black,green,red,purple,pink,purple,green,white,purple,brown,blue,pink,orange,brown,blue,orange,purple,yellow,brown,pink,red,blue,orange,pink,black,green,green,green,purple,red,brown,orange,yellow,purple,gray,yellow,purple,pink,green,blue,white,white,orange,black,yellow,purple,white,blue,brown,yellow
./stroop_ds/figs/color_nbyn_1712627672.png,yellow,black,brown,green,orange,purple,blue,gray,green,red,gray,brown,gray,brown,gray,red,white,blue,brown,black,orange,blue,pink,purple,black,blue,orange,gray,yellow,purple,brown,purple,green,blue,black,gray,purple,blue,pink,gray,green,white,white,pink,yellow,orange,red,white,purple,green
./stroop_ds/figs/color_nbyn_1712627672.png,brown,black,pink,blue,gray,green,brown,purple,yellow,pink,orange,red,brown,green,brown,black,purple,gray,white,pink,orange,blue,gray,brown,black,blue,blue,red,green,gray,orange,orange,purple,brown,purple,brown,brown,black,white,green,black,white,white,blue,yellow,red,green,yellow,green,white
./stroop_ds/figs/color_nbyn_1712627673.png,purple,pink,brown,purple,pink,orange,purple,pink,brown,pink,pink,yellow,green,purple,red,purple,green,pink,black,green,orange,black,blue,gray,brown,black,brown,black,purple,blue,orange,green,brown,blue,blue,pink,yellow,yellow,white,orange,orange,red,gray,black,gray,yellow,red,green,white,yellow
./stroop_ds/figs/color_nbyn_1712627673.png,black,orange,red,red,brown,yellow,yellow,yellow,purple,white,green,purple,white,pink,green,purple,black,black,black,gray,purple,red,black,white,orange,green,pink,blue,gray,brown,black,brown,orange,black,white,gray,pink,pink,white,gray,purple,green,pink,red,orange,blue,black,blue,purple,green
./stroop_ds/figs/color_nbyn_1712627674.png,red,white,pink,gray,green,red,purple,black,gray,green,purple,green,yellow,red,blue,purple,purple,orange,blue,yellow,pink,black,pink,pink,brown,gray,white,orange,brown,black,green,blue,black,gray,red,purple,blue,red,white,brown,white,purple,white,pink,yellow,white,red,orange,red,pink
./stroop_ds/figs/color_nbyn_1712627674.png,yellow,black,gray,purple,gray,green,yellow,white,red,black,green,purple,black,blue,white,yellow,pink,green,pink,white,red,purple,brown,red,gray,red,brown,gray,brown,brown,green,purple,blue,blue,green,gray,red,brown,yellow,black,pink,brown,pink,green,black,orange,black,purple,pink,orange
./stroop_ds/figs/color_nbyn_1712627675.png,yellow,brown,red,brown,yellow,blue,pink,gray,purple,gray,blue,black,green,brown,purple,blue,yellow,blue,white,white,brown,red,white,white,brown,orange,red,green,brown,white,purple,gray,blue,gray,orange,black,brown,brown,brown,red,pink,white,black,white,red,red,green,blue,orange,white
./stroop_ds/figs/color_nbyn_1712627675.png,black,blue,orange,yellow,pink,orange,blue,orange,white,red,orange,red,gray,orange,green,pink,black,purple,purple,green,brown,yellow,purple,brown,red,brown,brown,blue,brown,yellow,white,purple,white,pink,green,blue,red,white,white,yellow,blue,black,pink,black,pink,black,yellow,brown,gray,purple
./stroop_ds/figs/color_nbyn_1712627675.png,gray,purple,pink,blue,brown,green,black,orange,orange,pink,green,blue,brown,orange,brown,yellow,purple,brown,orange,red,red,pink,orange,orange,orange,black,green,black,gray,white,green,orange,pink,brown,red,white,orange,orange,black,gray,pink,brown,yellow,black,yellow,black,white,green,purple,gray
./stroop_ds/figs/color_nbyn_1712627676.png,white,green,black,green,purple,white,white,orange,black,white,red,green,green,green,gray,green,blue,blue,yellow,brown,pink,pink,pink,blue,pink,green,blue,green,blue,orange,blue,blue,green,gray,red,black,white,gray,orange,brown,purple,gray,red,white,orange,orange,white,purple,white,green
./stroop_ds/figs/color_nbyn_1712627676.png,blue,brown,green,white,blue,brown,orange,black,orange,green,brown,brown,gray,orange,red,red,black,brown,orange,brown,blue,brown,blue,black,gray,white,red,white,pink,white,purple,blue,red,yellow,white,green,pink,orange,white,black,orange,white,orange,yellow,blue,pink,purple,white,white,green
./stroop_ds/figs/color_nbyn_1712627677.png,black,yellow,green,red,green,blue,gray,gray,white,yellow,brown,brown,orange,white,brown,white,white,pink,purple,black,orange,red,purple,black,red,purple,purple,purple,purple,gray,yellow,blue,green,orange,gray,brown,pink,pink,green,red,white,gray,orange,brown,yellow,gray,brown,red,white,red
./stroop_ds/figs/color_nbyn_1712627677.png,orange,green,blue,gray,purple,white,orange,black,blue,green,white,orange,yellow,green,yellow,gray,blue,brown,black,purple,brown,yellow,white,orange,pink,green,gray,brown,pink,yellow,black,black,red,orange,orange,brown,orange,black,black,pink,yellow,purple,gray,purple,purple,blue,purple,green,orange,gray
./stroop_ds/figs/color_nbyn_1712627678.png,white,orange,red,purple,orange,brown,purple,brown,pink,purple,green,orange,brown,white,gray,white,purple,gray,orange,red,purple,orange,blue,orange,brown,blue,white,pink,pink,white,white,brown,yellow,red,purple,pink,orange,blue,orange,pink,brown,purple,orange,white,white,orange,red,gray,orange,green
./stroop_ds/figs/color_nbyn_1712627678.png,green,red,yellow,red,pink,red,blue,gray,pink,orange,gray,brown,red,white,orange,red,yellow,blue,white,purple,yellow,green,black,brown,yellow,brown,purple,pink,brown,gray,red,gray,yellow,white,brown,yellow,orange,white,blue,gray,brown,gray,pink,white,pink,red,brown,gray,gray,yellow
./stroop_ds/figs/color_nbyn_1712627680.png,blue,yellow,yellow,white,pink,blue,orange,red,pink,orange,yellow,white,red,red,orange,pink,brown,black,brown,brown,white,red,blue,red,orange,purple,yellow,orange,green,white,pink,gray,purple,white,gray,brown,purple,purple,gray,black,blue,brown,blue,pink,yellow,yellow,pink,gray,purple,blue
./stroop_ds/figs/color_nbyn_1712627680.png,black,white,yellow,purple,red,red,green,yellow,yellow,gray,blue,brown,gray,brown,green,brown,pink,pink,red,yellow,white,black,white,purple,pink,gray,white,brown,brown,black,red,black,white,blue,purple,red,yellow,orange,orange,brown,red,blue,brown,brown,blue,red,white,brown,black,black
./stroop_ds/figs/color_nbyn_1712627681.png,brown,gray,pink,gray,purple,pink,red,blue,green,gray,red,orange,purple,red,green,gray,black,yellow,brown,pink,brown,brown,red,green,yellow,white,gray,red,gray,red,brown,green,orange,brown,green,orange,black,brown,red,orange,pink,gray,green,blue,green,green,pink,yellow,black,white
./stroop_ds/figs/color_nbyn_1712627681.png,white,green,green,pink,black,yellow,white,purple,white,purple,white,green,blue,green,gray,gray,pink,blue,pink,blue,purple,brown,purple,green,green,black,green,pink,purple,white,white,white,blue,red,orange,pink,yellow,blue,purple,brown,black,brown,gray,brown,pink,yellow,red,orange,orange,black
./stroop_ds/figs/color_nbyn_1712627682.png,orange,black,brown,gray,green,red,purple,black,gray,red,red,blue,yellow,pink,white,red,blue,gray,red,brown,gray,orange,yellow,red,white,blue,green,red,yellow,black,white,yellow,gray,blue,white,white,gray,white,yellow,blue,black,purple,green,white,red,red,white,blue,white,pink
./stroop_ds/figs/color_nbyn_1712627682.png,green,brown,green,white,brown,blue,white,red,blue,yellow,gray,blue,gray,pink,black,blue,gray,gray,green,yellow,red,gray,gray,purple,brown,red,brown,yellow,white,gray,yellow,blue,brown,white,yellow,red,yellow,yellow,purple,brown,pink,pink,orange,black,white,yellow,black,white,orange,orange
./stroop_ds/figs/color_nbyn_1712627683.png,pink,blue,green,pink,brown,red,white,brown,gray,brown,black,green,pink,yellow,black,red,gray,blue,white,gray,white,white,pink,red,pink,purple,brown,green,pink,gray,pink,white,blue,purple,orange,brown,gray,gray,brown,white,red,white,black,yellow,brown,pink,brown,orange,purple,green
./stroop_ds/figs/color_nbyn_1712627683.png,yellow,white,purple,orange,red,black,yellow,orange,white,yellow,gray,blue,white,red,brown,yellow,white,brown,white,brown,blue,orange,gray,gray,green,red,yellow,blue,yellow,orange,yellow,pink,black,red,brown,yellow,brown,pink,black,white,purple,white,blue,blue,yellow,blue,brown,blue,pink,orange
./stroop_ds/figs/color_nbyn_1712627684.png,purple,pink,red,orange,black,red,orange,black,green,gray,gray,gray,white,brown,purple,green,orange,brown,pink,gray,red,yellow,yellow,red,purple,red,purple,white,purple,yellow,yellow,white,white,pink,purple,purple,blue,yellow,orange,orange,blue,orange,pink,orange,blue,brown,white,pink,green,black
./stroop_ds/figs/color_nbyn_1712627684.png,purple,yellow,white,orange,red,blue,blue,black,green,white,orange,blue,orange,black,brown,white,white,green,brown,green,green,red,blue,purple,pink,black,gray,yellow,orange,white,blue,green,purple,green,orange,brown,black,blue,green,pink,yellow,orange,pink,red,red,purple,blue,purple,green,brown
./stroop_ds/figs/color_nbyn_1712627684.png,gray,blue,gray,purple,gray,pink,blue,blue,pink,orange,black,brown,red,blue,purple,blue,pink,pink,brown,brown,purple,red,gray,red,yellow,orange,brown,gray,gray,pink,pink,gray,white,black,purple,red,brown,purple,orange,red,blue,blue,green,yellow,orange,gray,gray,pink,gray,blue
./stroop_ds/figs/color_nbyn_1712627685.png,blue,yellow,yellow,red,black,purple,pink,blue,green,pink,brown,pink,purple,blue,black,orange,gray,brown,blue,red,purple,orange,purple,gray,pink,pink,white,purple,green,orange,blue,black,red,blue,white,orange,gray,blue,red,red,gray,yellow,purple,green,orange,gray,yellow,green,yellow,gray
./stroop_ds/figs/color_nbyn_1712627685.png,pink,red,brown,brown,red,pink,red,red,purple,pink,red,white,gray,brown,orange,green,purple,black,orange,orange,red,blue,yellow,black,black,red,black,orange,purple,black,gray,pink,yellow,pink,black,pink,white,brown,purple,purple,yellow,orange,yellow,gray,black,orange,white,blue,green,purple
./stroop_ds/figs/color_nbyn_1712627686.png,yellow,red,red,white,white,black,red,purple,red,black,brown,red,red,red,pink,white,green,green,pink,gray,white,purple,gray,brown,gray,white,gray,pink,red,brown,yellow,red,purple,black,white,gray,yellow,gray,brown,red,black,orange,white,blue,black,brown,purple,yellow,yellow,orange
./stroop_ds/figs/color_nbyn_1712627686.png,orange,orange,purple,gray,red,brown,brown,yellow,purple,gray,black,green,orange,black,orange,white,brown,red,purple,orange,white,white,brown,red,blue,green,green,pink,black,white,yellow,white,pink,white,green,white,black,purple,orange,yellow,gray,orange,purple,blue,orange,black,brown,purple,white,white
./stroop_ds/figs/color_nbyn_1712627687.png,pink,yellow,red,blue,pink,black,black,orange,purple,pink,red,red,black,blue,white,brown,gray,brown,gray,green,red,brown,black,black,black,green,green,green,purple,white,brown,black,red,black,green,pink,purple,brown,green,gray,orange,brown,blue,green,gray,red,orange,orange,brown,pink
./stroop_ds/figs/color_nbyn_1712627687.png,brown,orange,brown,red,blue,black,red,pink,orange,purple,gray,green,black,black,orange,purple,pink,pink,brown,blue,brown,red,gray,green,green,pink,green,brown,green,black,pink,white,pink,brown,purple,yellow,black,yellow,green,brown,brown,green,yellow,purple,purple,yellow,orange,brown,black,gray
./stroop_ds/figs/color_nbyn_1712627688.png,black,yellow,blue,brown,pink,blue,black,white,yellow,red,purple,red,black,white,orange,white,white,red,purple,purple,pink,gray,red,green,green,yellow,orange,green,red,brown,red,brown,green,black,yellow,gray,pink,purple,orange,black,gray,green,brown,black,pink,orange,brown,white,green,brown
./stroop_ds/figs/color_nbyn_1712627688.png,purple,gray,black,purple,yellow,purple,white,white,yellow,pink,gray,pink,gray,blue,black,brown,green,white,gray,orange,blue,purple,orange,brown,brown,green,green,purple,red,blue,white,purple,brown,white,black,purple,yellow,white,gray,orange,red,white,yellow,green,white,brown,blue,brown,yellow,red
./stroop_ds/figs/color_nbyn_1712627688.png,red,purple,yellow,purple,yellow,red,purple,blue,black,brown,green,gray,green,orange,yellow,purple,gray,yellow,purple,blue,purple,blue,gray,gray,green,green,white,white,blue,yellow,gray,red,orange,black,brown,yellow,pink,white,red,gray,black,black,red,purple,green,red,pink,purple,green,yellow
./stroop_ds/figs/color_nbyn_1712627689.png,pink,gray,pink,green,white,white,brown,black,red,pink,black,gray,blue,yellow,green,gray,white,yellow,blue,gray,brown,pink,red,orange,black,purple,purple,green,pink,purple,yellow,pink,gray,orange,white,black,purple,blue,white,green,blue,gray,green,yellow,brown,green,red,red,blue,red
./stroop_ds/figs/color_nbyn_1712627689.png,pink,white,yellow,purple,brown,gray,blue,orange,white,blue,gray,gray,purple,pink,pink,gray,green,pink,green,orange,purple,white,white,purple,black,red,yellow,gray,black,blue,orange,black,orange,green,pink,brown,green,blue,yellow,blue,white,white,gray,green,green,red,brown,brown,brown,black
./stroop_ds/figs/color_nbyn_1712627690.png,red,yellow,purple,black,yellow,white,yellow,white,pink,black,blue,yellow,purple,purple,white,yellow,blue,pink,blue,blue,green,red,gray,white,purple,black,brown,green,yellow,brown,white,pink,black,green,white,brown,pink,black,brown,blue,brown,blue,pink,gray,brown,gray,blue,pink,black,purple
./stroop_ds/figs/color_nbyn_1712627690.png,black,gray,black,gray,red,pink,brown,yellow,yellow,blue,purple,white,brown,blue,green,brown,green,black,green,green,black,black,gray,yellow,brown,red,gray,blue,purple,red,gray,pink,red,pink,blue,white,purple,brown,black,white,white,green,black,orange,brown,yellow,yellow,red,pink,green
./stroop_ds/figs/color_nbyn_1712627691.png,pink,brown,white,gray,brown,purple,white,yellow,black,black,pink,orange,white,blue,black,green,orange,pink,brown,blue,black,black,orange,red,blue,blue,purple,orange,pink,black,pink,black,yellow,gray,green,yellow,white,orange,yellow,purple,white,purple,black,orange,purple,yellow,purple,orange,yellow,purple
./stroop_ds/figs/color_nbyn_1712627691.png,red,green,red,gray,white,red,pink,orange,red,black,brown,white,gray,pink,gray,pink,black,red,yellow,white,gray,brown,gray,green,blue,gray,red,brown,gray,gray,black,black,orange,brown,green,red,yellow,blue,orange,red,pink,orange,blue,green,orange,brown,brown,pink,orange,yellow
./stroop_ds/figs/color_nbyn_1712627693.png,green,white,brown,yellow,brown,red,red,orange,pink,pink,white,orange,pink,red,brown,green,purple,blue,pink,blue,white,black,green,pink,blue,brown,purple,white,orange,brown,black,purple,pink,purple,yellow,gray,purple,gray,orange,green,black,red,blue,orange,brown,purple,yellow,blue,orange,black
./stroop_ds/figs/color_nbyn_1712627694.png,brown,pink,gray,green,pink,blue,yellow,green,brown,white,yellow,gray,purple,black,brown,yellow,brown,brown,red,blue,orange,yellow,white,yellow,brown,white,pink,gray,orange,gray,green,brown,gray,black,blue,blue,yellow,yellow,orange,red,yellow,pink,orange,green,black,pink,green,brown,pink,gray
./stroop_ds/figs/color_nbyn_1712627694.png,white,pink,yellow,white,red,pink,orange,yellow,purple,white,orange,orange,pink,brown,orange,purple,yellow,orange,pink,white,pink,pink,black,pink,pink,blue,white,yellow,black,purple,pink,yellow,gray,black,green,green,orange,red,orange,brown,red,blue,white,orange,black,blue,orange,black,black,red
./stroop_ds/figs/color_nbyn_1712627694.png,blue,blue,purple,black,purple,gray,white,purple,yellow,black,blue,yellow,white,yellow,white,brown,white,white,green,orange,green,brown,pink,red,blue,purple,orange,red,green,blue,gray,gray,green,yellow,brown,purple,red,red,blue,white,white,brown,gray,pink,brown,black,blue,orange,purple,orange
./stroop_ds/figs/color_nbyn_1712627695.png,orange,blue,gray,yellow,brown,white,black,brown,purple,black,black,green,black,white,gray,blue,black,green,black,brown,pink,orange,gray,orange,orange,brown,gray,green,blue,orange,green,green,black,white,purple,green,brown,green,blue,red,white,black,pink,blue,gray,pink,gray,orange,purple,red
./stroop_ds/figs/color_nbyn_1712627695.png,orange,yellow,green,pink,yellow,blue,purple,gray,white,red,gray,orange,blue,white,green,yellow,black,purple,pink,yellow,blue,gray,yellow,white,black,brown,green,gray,red,purple,white,white,orange,pink,yellow,brown,white,green,brown,gray,purple,pink,brown,red,purple,pink,white,orange,blue,orange
./stroop_ds/figs/color_nbyn_1712627696.png,white,gray,red,red,green,yellow,blue,brown,gray,green,black,orange,blue,yellow,yellow,brown,purple,blue,brown,orange,blue,yellow,pink,brown,white,white,yellow,blue,green,brown,yellow,green,black,brown,white,purple,gray,brown,red,yellow,black,red,red,brown,yellow,black,black,blue,red,brown
./stroop_ds/figs/color_nbyn_1712627696.png,purple,gray,white,white,pink,black,yellow,blue,pink,black,brown,orange,yellow,pink,red,brown,gray,gray,brown,blue,red,gray,blue,black,brown,white,black,orange,black,brown,pink,brown,black,pink,purple,white,gray,brown,pink,red,blue,gray,orange,purple,green,pink,black,orange,blue,blue
./stroop_ds/figs/color_nbyn_1712627697.png,purple,blue,orange,green,purple,brown,gray,gray,black,gray,blue,gray,white,blue,pink,black,green,white,purple,yellow,brown,gray,purple,purple,white,green,gray,orange,pink,orange,gray,pink,red,blue,green,brown,brown,pink,gray,pink,black,pink,purple,yellow,brown,white,orange,yellow,black,blue
./stroop_ds/figs/color_nbyn_1712627697.png,pink,red,brown,black,yellow,red,orange,orange,purple,blue,gray,blue,white,orange,orange,white,purple,black,green,black,purple,black,green,pink,red,gray,red,purple,red,yellow,orange,pink,gray,gray,pink,gray,pink,red,yellow,black,purple,gray,red,purple,purple,black,gray,purple,purple,green
./stroop_ds/figs/color_nbyn_1712627698.png,brown,purple,brown,black,brown,green,green,orange,red,red,black,yellow,red,green,pink,brown,gray,blue,purple,pink,blue,green,brown,green,green,white,purple,orange,green,brown,blue,yellow,purple,brown,blue,orange,white,blue,red,gray,pink,yellow,brown,green,orange,green,red,purple,green,pink
./stroop_ds/figs/color_nbyn_1712627698.png,brown,orange,white,purple,yellow,pink,white,white,blue,purple,purple,yellow,white,red,green,black,white,purple,black,purple,yellow,blue,gray,gray,purple,yellow,red,purple,gray,yellow,yellow,purple,white,brown,blue,blue,orange,white,black,brown,brown,gray,pink,orange,black,orange,red,orange,black,yellow
./stroop_ds/figs/color_nbyn_1712627698.png,pink,red,brown,pink,red,gray,pink,pink,purple,white,blue,red,blue,gray,purple,yellow,black,brown,purple,gray,brown,black,green,green,gray,brown,orange,red,purple,yellow,brown,red,green,green,black,purple,blue,white,purple,green,green,purple,purple,blue,blue,yellow,pink,green,brown,green
./stroop_ds/figs/color_nbyn_1712627699.png,yellow,yellow,black,red,purple,blue,white,purple,red,purple,orange,orange,white,black,pink,blue,black,black,green,pink,purple,yellow,yellow,pink,green,orange,gray,yellow,black,pink,purple,yellow,orange,black,gray,pink,purple,yellow,red,red,red,blue,green,purple,blue,brown,red,purple,green,white
./stroop_ds/figs/color_nbyn_1712627699.png,orange,green,gray,green,orange,black,gray,orange,brown,red,gray,green,blue,green,red,purple,black,orange,white,yellow,gray,black,brown,orange,orange,blue,blue,purple,white,red,black,blue,blue,orange,brown,blue,orange,white,blue,red,yellow,blue,green,gray,green,red,yellow,black,orange,orange
./stroop_ds/figs/color_nbyn_1712627700.png,yellow,black,white,purple,pink,orange,black,brown,gray,purple,blue,red,pink,pink,pink,red,purple,orange,blue,pink,brown,brown,brown,purple,green,purple,yellow,yellow,blue,orange,gray,pink,orange,brown,pink,purple,black,purple,pink,brown,red,blue,purple,red,gray,green,pink,purple,white,yellow
./stroop_ds/figs/color_nbyn_1712627700.png,green,yellow,brown,gray,blue,blue,red,orange,white,purple,yellow,brown,blue,red,white,white,blue,green,black,green,orange,pink,yellow,gray,red,yellow,brown,red,green,gray,yellow,brown,white,pink,gray,pink,blue,red,pink,green,orange,pink,brown,gray,black,orange,brown,brown,pink,pink
./stroop_ds/figs/color_nbyn_1712627701.png,white,blue,pink,purple,black,blue,black,gray,red,orange,pink,red,orange,gray,pink,gray,gray,white,white,yellow,green,gray,brown,brown,yellow,pink,blue,brown,orange,blue,black,gray,green,black,orange,white,orange,gray,red,black,orange,orange,black,purple,gray,red,gray,black,orange,pink
./stroop_ds/figs/color_nbyn_1712627701.png,gray,red,blue,black,yellow,white,red,blue,red,blue,black,orange,red,green,pink,green,gray,brown,yellow,brown,red,red,pink,black,orange,green,pink,green,yellow,orange,brown,purple,red,pink,black,orange,gray,white,brown,purple,brown,gray,white,red,black,orange,gray,gray,purple,yellow
./stroop_ds/figs/color_nbyn_1712627702.png,yellow,brown,green,yellow,orange,brown,black,blue,pink,blue,green,brown,pink,red,purple,green,pink,purple,black,yellow,yellow,green,red,red,white,gray,brown,gray,blue,brown,black,black,pink,yellow,black,black,gray,gray,black,yellow,white,blue,blue,orange,brown,yellow,pink,gray,green,green
./stroop_ds/figs/color_nbyn_1712627702.png,red,red,red,black,blue,green,pink,yellow,purple,black,gray,black,black,yellow,brown,purple,gray,purple,orange,red,gray,black,red,orange,blue,black,gray,red,blue,orange,white,pink,yellow,purple,red,purple,pink,green,green,pink,green,white,brown,black,pink,black,white,yellow,black,red
./stroop_ds/figs/color_nbyn_1712627702.png,gray,white,red,brown,blue,black,purple,green,red,orange,red,green,brown,brown,red,yellow,black,purple,orange,orange,brown,green,yellow,black,gray,yellow,pink,black,purple,black,white,white,gray,green,orange,purple,orange,orange,orange,purple,blue,white,pink,yellow,yellow,red,red,green,pink,gray
./stroop_ds/figs/color_nbyn_1712627703.png,gray,red,orange,orange,blue,red,orange,purple,brown,gray,black,green,red,brown,orange,black,black,orange,orange,white,orange,yellow,blue,yellow,black,brown,orange,white,blue,gray,purple,orange,blue,pink,black,red,green,purple,yellow,pink,pink,pink,blue,red,orange,gray,red,orange,pink,black
./stroop_ds/figs/color_nbyn_1712627703.png,brown,red,black,purple,green,pink,gray,red,pink,yellow,pink,orange,white,purple,white,green,green,brown,yellow,blue,brown,brown,black,black,pink,orange,black,purple,orange,purple,black,red,yellow,orange,brown,red,green,green,blue,purple,black,yellow,orange,white,purple,brown,orange,green,orange,blue
./stroop_ds/figs/color_nbyn_1712627704.png,gray,white,gray,green,yellow,green,white,pink,blue,gray,brown,pink,orange,blue,white,yellow,pink,green,white,purple,blue,purple,black,black,red,pink,brown,pink,purple,orange,red,green,pink,brown,black,purple,brown,gray,purple,gray,green,gray,orange,green,orange,brown,blue,black,pink,white
./stroop_ds/figs/color_nbyn_1712627704.png,white,blue,brown,green,red,yellow,red,blue,black,black,black,green,white,purple,purple,brown,orange,pink,white,pink,blue,pink,red,brown,orange,green,white,yellow,purple,orange,white,pink,red,brown,orange,brown,brown,gray,orange,red,pink,yellow,purple,gray,pink,black,blue,green,blue,red
./stroop_ds/figs/color_nbyn_1712627705.png,black,yellow,blue,black,blue,purple,yellow,black,gray,yellow,gray,blue,black,green,purple,green,black,pink,yellow,brown,gray,black,black,pink,blue,orange,red,gray,black,white,pink,brown,red,orange,pink,green,red,purple,gray,blue,gray,yellow,blue,pink,purple,orange,yellow,black,orange,green
./stroop_ds/figs/color_nbyn_1712627705.png,purple,yellow,purple,black,pink,red,orange,black,pink,pink,yellow,purple,blue,purple,pink,yellow,blue,black,orange,orange,brown,red,white,blue,brown,blue,blue,brown,purple,white,blue,white,blue,red,red,red,white,blue,red,black,blue,yellow,green,black,gray,green,gray,brown,green,pink
./stroop_ds/figs/color_nbyn_1712627706.png,brown,purple,brown,blue,red,red,orange,white,red,red,brown,yellow,yellow,orange,gray,black,brown,red,red,orange,orange,yellow,blue,orange,black,gray,orange,white,white,pink,brown,purple,black,red,white,purple,blue,pink,green,orange,green,white,red,purple,white,green,red,orange,purple,pink
./stroop_ds/figs/color_nbyn_1712627706.png,orange,white,gray,red,gray,orange,gray,red,orange,brown,yellow,pink,gray,pink,pink,white,brown,blue,pink,purple,brown,blue,green,gray,black,pink,blue,gray,yellow,gray,red,purple,blue,gray,purple,yellow,white,pink,orange,purple,black,yellow,blue,gray,yellow,blue,blue,gray,yellow,gray
./stroop_ds/figs/color_nbyn_1712627706.png,green,pink,yellow,blue,pink,purple,blue,purple,red,orange,brown,orange,yellow,red,yellow,brown,yellow,gray,brown,purple,blue,yellow,orange,gray,black,pink,brown,red,orange,white,black,yellow,green,orange,yellow,brown,red,white,yellow,white,white,red,red,green,orange,black,orange,purple,brown,white
./stroop_ds/figs/color_nbyn_1712627709.png,white,purple,blue,white,purple,black,purple,yellow,orange,red,black,green,black,purple,pink,green,brown,gray,green,blue,black,black,orange,purple,gray,pink,blue,purple,brown,orange,orange,gray,pink,purple,blue,black,red,blue,black,white,gray,brown,brown,blue,orange,pink,gray,red,pink,white
./stroop_ds/figs/color_nbyn_1712627709.png,green,white,brown,blue,pink,yellow,yellow,purple,purple,gray,white,red,white,white,white,gray,yellow,red,brown,pink,white,brown,white,green,green,purple,yellow,gray,black,blue,black,black,green,purple,purple,yellow,pink,blue,purple,pink,gray,purple,orange,green,green,brown,yellow,white,orange,yellow
./stroop_ds/figs/color_nbyn_1712627710.png,black,yellow,pink,blue,blue,purple,green,white,yellow,green,gray,yellow,black,blue,orange,blue,green,green,red,brown,pink,purple,green,white,blue,pink,purple,black,black,blue,green,brown,black,green,orange,yellow,red,black,white,black,purple,pink,red,blue,purple,brown,brown,purple,orange,yellow
./stroop_ds/figs/color_nbyn_1712627710.png,blue,white,red,black,blue,brown,red,orange,pink,brown,yellow,red,red,blue,green,yellow,blue,orange,red,black,brown,red,black,green,gray,green,gray,yellow,white,purple,yellow,brown,red,orange,orange,pink,purple,white,orange,gray,green,white,red,red,yellow,brown,orange,black,orange,green
./stroop_ds/figs/color_nbyn_1712627711.png,blue,red,red,gray,gray,pink,white,orange,brown,green,blue,red,gray,orange,purple,green,purple,yellow,purple,blue,red,yellow,orange,yellow,pink,blue,gray,black,pink,purple,blue,blue,red,gray,blue,yellow,yellow,black,red,orange,black,black,orange,brown,black,pink,orange,gray,red,red
./stroop_ds/figs/color_nbyn_1712627711.png,blue,green,brown,green,red,green,pink,gray,black,pink,purple,gray,purple,black,white,yellow,brown,black,gray,brown,blue,brown,orange,purple,white,red,green,gray,pink,brown,pink,green,yellow,purple,brown,pink,blue,red,yellow,green,brown,red,black,purple,green,green,red,orange,pink,pink
./stroop_ds/figs/color_nbyn_1712627712.png,gray,purple,green,gray,blue,black,white,black,brown,yellow,black,purple,red,black,pink,red,yellow,red,yellow,blue,black,white,white,green,brown,pink,red,blue,red,green,green,gray,green,purple,red,orange,black,gray,yellow,blue,purple,blue,white,white,pink,blue,yellow,brown,blue,purple
./stroop_ds/figs/color_nbyn_1712627712.png,brown,green,orange,blue,brown,pink,gray,yellow,white,pink,green,yellow,yellow,green,brown,yellow,purple,pink,black,blue,brown,green,gray,blue,white,purple,gray,green,white,purple,red,white,gray,red,blue,orange,green,red,gray,orange,red,green,black,blue,red,blue,brown,brown,pink,brown
./stroop_ds/figs/color_nbyn_1712627712.png,red,brown,pink,pink,purple,black,blue,black,black,red,brown,yellow,brown,orange,blue,black,green,black,gray,black,black,purple,yellow,white,pink,gray,blue,white,purple,white,purple,blue,purple,brown,white,black,blue,gray,black,gray,orange,orange,green,orange,pink,white,black,white,white,blue
./stroop_ds/figs/color_nbyn_1712627713.png,blue,orange,purple,gray,purple,brown,purple,blue,brown,purple,green,green,purple,red,pink,gray,pink,gray,orange,purple,orange,pink,gray,brown,gray,purple,purple,pink,white,white,white,blue,red,red,orange,brown,red,white,blue,pink,white,brown,yellow,blue,green,white,purple,red,brown,gray
./stroop_ds/figs/color_nbyn_1712627713.png,red,gray,white,orange,white,yellow,white,white,yellow,yellow,purple,white,blue,black,brown,purple,orange,purple,pink,white,green,yellow,white,orange,blue,black,purple,black,brown,gray,brown,white,green,purple,purple,purple,blue,pink,blue,yellow,black,orange,red,green,blue,gray,pink,black,red,red
./stroop_ds/figs/color_nbyn_1712627714.png,black,gray,gray,gray,black,orange,orange,black,blue,gray,white,white,purple,red,pink,pink,pink,yellow,orange,blue,gray,white,green,green,gray,purple,white,white,red,gray,purple,white,brown,brown,red,black,pink,red,orange,black,purple,pink,blue,black,black,blue,green,blue,black,yellow
./stroop_ds/figs/color_nbyn_1712627714.png,white,black,brown,white,gray,orange,green,gray,yellow,brown,green,pink,orange,brown,yellow,purple,yellow,yellow,brown,purple,yellow,orange,brown,pink,yellow,blue,yellow,yellow,gray,green,black,orange,black,blue,black,orange,green,orange,yellow,orange,blue,orange,orange,pink,orange,white,purple,red,red,red
./stroop_ds/figs/color_nbyn_1712627715.png,white,brown,yellow,gray,green,brown,red,black,gray,yellow,blue,yellow,purple,white,red,yellow,green,orange,orange,black,gray,black,pink,pink,white,orange,brown,yellow,blue,red,white,blue,orange,orange,gray,brown,black,purple,brown,orange,orange,brown,brown,black,brown,red,blue,red,yellow,yellow
./stroop_ds/figs/color_nbyn_1712627715.png,green,pink,brown,yellow,white,black,green,gray,pink,purple,gray,orange,brown,white,gray,yellow,orange,purple,yellow,yellow,purple,white,green,orange,white,blue,pink,black,white,black,white,white,red,green,gray,yellow,white,gray,white,white,brown,brown,purple,black,blue,red,red,pink,pink,gray
./stroop_ds/figs/color_nbyn_1712627716.png,purple,gray,blue,purple,orange,red,brown,white,yellow,brown,white,orange,gray,yellow,red,white,white,brown,green,white,blue,gray,orange,gray,pink,brown,red,gray,red,brown,yellow,white,yellow,pink,white,purple,red,green,yellow,pink,brown,green,yellow,blue,red,gray,red,orange,blue,gray
./stroop_ds/figs/color_nbyn_1712627716.png,gray,red,orange,green,black,black,yellow,brown,blue,black,purple,white,yellow,brown,orange,purple,brown,pink,orange,gray,white,brown,pink,gray,red,black,pink,red,red,green,red,orange,purple,red,red,blue,brown,gray,red,pink,gray,blue,gray,purple,white,brown,blue,orange,orange,green
./stroop_ds/figs/color_nbyn_1712627716.png,orange,black,orange,orange,yellow,white,yellow,black,black,purple,white,orange,yellow,yellow,blue,gray,yellow,pink,blue,orange,green,green,red,pink,pink,gray,pink,brown,red,brown,gray,yellow,brown,yellow,orange,white,yellow,green,gray,white,green,orange,brown,yellow,pink,green,yellow,red,red,white
./stroop_ds/figs/color_nbyn_1712627717.png,black,gray,pink,orange,blue,gray,white,pink,green,white,green,green,purple,purple,yellow,red,blue,brown,white,black,orange,gray,red,brown,yellow,purple,orange,black,yellow,purple,black,white,brown,orange,blue,blue,purple,white,brown,white,purple,black,blue,blue,purple,white,gray,green,green,pink
./stroop_ds/figs/color_nbyn_1712627717.png,yellow,red,orange,brown,red,white,blue,gray,blue,blue,white,blue,gray,yellow,brown,blue,brown,purple,red,white,orange,orange,orange,black,red,white,black,white,brown,white,pink,pink,orange,white,yellow,red,blue,yellow,blue,green,brown,white,yellow,gray,green,pink,red,brown,brown,pink
./stroop_ds/figs/color_nbyn_1712627718.png,white,purple,green,blue,purple,brown,blue,gray,green,green,white,white,blue,blue,green,black,white,white,black,brown,gray,green,red,brown,orange,purple,blue,orange,pink,brown,blue,white,blue,orange,purple,pink,orange,purple,red,green,white,orange,purple,pink,blue,purple,red,orange,red,purple
./stroop_ds/figs/color_nbyn_1712627718.png,pink,black,green,black,red,orange,orange,purple,purple,yellow,purple,orange,white,brown,blue,black,gray,orange,blue,blue,blue,red,black,purple,white,orange,red,brown,gray,black,white,green,green,green,black,blue,purple,yellow,black,white,purple,white,pink,blue,red,blue,red,black,green,red
./stroop_ds/figs/color_nbyn_1712627719.png,blue,purple,purple,purple,black,yellow,green,purple,gray,brown,yellow,gray,yellow,purple,red,blue,gray,red,gray,black,brown,red,gray,white,red,pink,white,blue,green,red,purple,orange,red,orange,white,orange,green,orange,green,orange,white,green,gray,gray,yellow,green,yellow,purple,purple,brown
./stroop_ds/figs/color_nbyn_1712627719.png,gray,gray,red,green,pink,black,blue,orange,brown,gray,gray,brown,black,white,purple,green,purple,brown,gray,orange,orange,purple,brown,green,red,white,green,yellow,orange,green,yellow,red,white,purple,black,blue,orange,blue,green,red,yellow,gray,pink,pink,green,white,red,green,black,gray
./stroop_ds/figs/color_nbyn_1712627720.png,brown,yellow,blue,brown,purple,yellow,pink,yellow,black,orange,blue,red,pink,white,brown,white,black,pink,yellow,red,purple,yellow,brown,gray,yellow,blue,blue,black,gray,purple,black,black,pink,orange,black,white,blue,brown,blue,green,black,yellow,gray,gray,purple,yellow,blue,black,gray,black
./stroop_ds/figs/color_nbyn_1712627720.png,orange,black,white,green,red,green,pink,brown,purple,pink,yellow,brown,white,red,orange,gray,gray,green,green,brown,gray,white,gray,green,purple,blue,green,yellow,black,white,yellow,green,gray,green,white,yellow,red,white,black,purple,blue,brown,pink,gray,brown,red,gray,gray,blue,white
./stroop_ds/figs/color_nbyn_1712627720.png,green,green,purple,red,green,orange,green,pink,gray,pink,yellow,pink,yellow,red,pink,pink,purple,purple,orange,yellow,purple,blue,purple,orange,green,yellow,black,red,white,pink,pink,white,gray,green,white,orange,pink,orange,purple,blue,purple,yellow,black,red,brown,blue,green,black,yellow,blue
./stroop_ds/figs/color_nbyn_1712627721.png,green,brown,pink,red,pink,purple,white,pink,red,gray,brown,green,yellow,green,red,pink,blue,black,purple,yellow,gray,orange,blue,white,blue,red,black,gray,orange,gray,blue,blue,yellow,purple,pink,orange,black,pink,gray,blue,blue,gray,yellow,brown,green,brown,blue,pink,orange,blue
./stroop_ds/figs/color_nbyn_1712627721.png,blue,brown,black,yellow,blue,orange,orange,black,purple,purple,green,blue,red,black,white,white,white,green,pink,black,yellow,orange,blue,brown,yellow,orange,blue,blue,red,pink,orange,pink,orange,gray,purple,yellow,purple,pink,black,green,purple,black,red,yellow,pink,yellow,yellow,black,red,white
./stroop_ds/figs/color_nbyn_1712627722.png,orange,red,orange,purple,brown,gray,white,purple,black,black,gray,white,gray,pink,gray,red,white,yellow,orange,pink,white,white,red,yellow,orange,red,white,gray,yellow,green,yellow,white,green,orange,pink,purple,orange,black,white,purple,orange,purple,brown,black,green,pink,yellow,green,pink,yellow
./stroop_ds/figs/color_nbyn_1712627722.png,purple,red,orange,blue,black,black,purple,pink,purple,brown,blue,brown,yellow,yellow,black,brown,green,green,white,white,red,pink,orange,white,gray,brown,gray,brown,purple,brown,pink,green,blue,black,black,purple,orange,green,green,black,white,black,blue,white,yellow,black,orange,brown,red,pink
./stroop_ds/figs/color_nbyn_1712627723.png,black,blue,pink,brown,white,brown,pink,orange,blue,brown,pink,gray,white,blue,blue,purple,white,white,purple,pink,blue,purple,orange,gray,green,blue,white,brown,brown,white,red,orange,gray,black,brown,brown,blue,brown,blue,pink,brown,brown,pink,pink,white,white,black,pink,blue,purple
./stroop_ds/figs/color_nbyn_1712627723.png,orange,green,black,green,blue,red,green,green,pink,purple,blue,purple,blue,gray,red,red,pink,orange,black,green,black,yellow,pink,green,pink,purple,green,black,purple,blue,orange,orange,brown,pink,pink,pink,brown,gray,black,gray,black,pink,blue,orange,orange,pink,yellow,white,black,yellow
./stroop_ds/figs/color_nbyn_1712627723.png,blue,gray,green,orange,pink,white,brown,pink,brown,gray,orange,white,yellow,yellow,black,white,purple,white,purple,pink,green,gray,black,gray,pink,brown,red,purple,orange,brown,black,red,brown,gray,purple,orange,yellow,yellow,green,blue,white,gray,blue,purple,gray,white,black,red,gray,pink
./stroop_ds/figs/color_nbyn_1712627724.png,blue,gray,purple,brown,gray,yellow,green,yellow,brown,yellow,blue,purple,yellow,green,purple,red,purple,green,yellow,gray,gray,purple,orange,purple,white,orange,red,yellow,yellow,white,pink,pink,yellow,blue,yellow,black,green,green,purple,white,gray,black,yellow,brown,green,brown,orange,black,red,blue
./stroop_ds/figs/color_nbyn_1712627724.png,gray,green,black,blue,orange,blue,pink,pink,blue,brown,pink,blue,orange,gray,pink,blue,purple,green,brown,purple,white,black,blue,green,white,black,brown,red,blue,gray,purple,yellow,black,white,red,brown,blue,red,orange,gray,gray,blue,purple,blue,purple,gray,gray,orange,white,orange
./stroop_ds/figs/color_nbyn_1712627725.png,orange,white,gray,white,purple,green,purple,purple,gray,yellow,red,yellow,purple,orange,brown,yellow,white,gray,purple,black,orange,pink,pink,purple,pink,blue,orange,gray,blue,purple,orange,orange,pink,pink,green,red,green,green,green,gray,purple,gray,purple,gray,black,red,yellow,brown,pink,red
./stroop_ds/figs/color_nbyn_1712627725.png,black,red,blue,red,gray,yellow,red,purple,green,black,black,pink,white,blue,orange,brown,pink,pink,purple,black,brown,pink,orange,orange,white,white,purple,purple,white,brown,black,brown,pink,gray,black,red,purple,black,black,green,gray,green,blue,purple,red,white,brown,yellow,red,red
./stroop_ds/figs/color_nbyn_1712627726.png,purple,green,purple,purple,green,yellow,white,white,pink,purple,green,gray,yellow,orange,red,gray,pink,purple,pink,yellow,white,orange,yellow,yellow,white,gray,white,blue,pink,red,green,gray,gray,white,purple,purple,orange,green,blue,black,purple,orange,pink,white,pink,pink,pink,white,purple,brown
./stroop_ds/figs/color_nbyn_1712627726.png,pink,brown,brown,white,blue,brown,green,brown,green,gray,purple,white,red,white,yellow,pink,orange,blue,gray,black,green,gray,yellow,pink,red,pink,white,blue,brown,brown,brown,orange,pink,orange,yellow,yellow,black,purple,brown,green,white,orange,black,purple,red,gray,orange,red,orange,white
./stroop_ds/figs/color_nbyn_1712627729.png,purple,yellow,gray,blue,purple,green,yellow,brown,white,orange,red,gray,blue,white,purple,purple,gray,yellow,red,purple,gray,blue,green,white,brown,blue,green,blue,white,brown,gray,yellow,pink,gray,gray,pink,yellow,blue,red,red,brown,black,purple,orange,white,green,gray,red,black,green
./stroop_ds/figs/color_nbyn_1712627730.png,black,yellow,brown,white,green,white,green,blue,brown,gray,red,purple,yellow,yellow,blue,pink,green,yellow,brown,green,orange,gray,green,blue,green,white,red,purple,black,red,gray,red,purple,gray,gray,gray,black,red,purple,green,brown,black,yellow,green,pink,red,green,white,red,brown
./stroop_ds/figs/color_nbyn_1712627730.png,red,white,yellow,blue,pink,brown,black,gray,blue,orange,pink,brown,purple,brown,yellow,blue,white,white,purple,gray,blue,blue,orange,gray,brown,purple,purple,pink,white,white,green,gray,blue,pink,black,pink,brown,purple,white,orange,brown,green,white,orange,orange,red,gray,pink,orange,purple
./stroop_ds/figs/color_nbyn_1712627730.png,green,blue,green,gray,blue,brown,gray,green,blue,brown,orange,blue,purple,green,pink,brown,orange,blue,pink,brown,yellow,gray,purple,pink,gray,purple,brown,gray,black,red,red,orange,purple,yellow,yellow,gray,purple,gray,yellow,brown,purple,blue,black,blue,orange,purple,purple,pink,gray,yellow
./stroop_ds/figs/color_nbyn_1712627731.png,brown,red,black,orange,orange,orange,gray,green,blue,black,gray,blue,black,yellow,red,purple,brown,pink,brown,purple,black,yellow,purple,orange,red,black,brown,orange,black,brown,yellow,yellow,red,gray,gray,purple,yellow,red,brown,orange,pink,pink,gray,white,pink,white,blue,red,red,orange
